feature1,feature2,feature3,temperature_anomaly
3.745401188473625,9.256646441930982,26.170568373590598,5.103146068660597
9.50714306409916,27.095047368917907,24.697879907199983,7.079839244225018
7.319939418114051,43.647291793820415,90.62545805210367,11.72712861201099
5.986584841970366,36.61124432047806,24.95461998495061,3.374260977288342
1.5601864044243652,40.328057393072484,27.1949726128631,8.128479621608077
1.5599452033620265,32.93916833553587,75.93982624179637,7.925398248783522
0.5808361216819946,34.613828225892625,44.973984245054,5.0876949806859555
8.661761457749352,42.459782578265965,77.67105569551812,10.148660268836876
6.011150117432088,12.483400442959297,6.536615756438524,-0.7750696101923662
7.080725777960454,24.471248182157023,48.75711936733843,7.118431565136056
0.20584494295802447,11.060472090980111,3.3613600183282633,-0.7434588177581141
9.699098521619943,49.38340039983235,6.265320345535452,4.486085189896927
8.324426408004218,47.202966984330665,90.64374533444109,7.872650874320182
2.1233911067827616,1.971340568425295,13.924537111759516,3.543415883766908
1.8182496720710062,35.27875862578442,53.24206822752171,5.295102420983152
1.8340450985343382,46.26241587078329,41.10956026007065,10.115984039621729
3.0424224295953772,9.028767256366677,34.73433262588427,2.176474916745361
5.247564316322379,28.397261527631475,89.98333456872724,4.973689829278093
4.319450186421157,45.774414879402094,2.18233967754895,3.3173996292045698
2.9122914019804194,1.697298929289942,66.37896861755891,6.542759844216901
6.118528947223795,34.871013362342,96.33944342135504,9.215982940873376
1.3949386065204183,14.867450368627539,56.016818346184195,3.4699990824948457
2.9214464853521815,46.21980976882652,93.68224620330918,10.210419035824124
3.663618432936917,48.552912258268385,5.225787928602377,6.8528697811794315
4.56069984217036,47.213324455671696,41.87933190741614,9.962236641176972
7.851759613930136,23.71071083287319,26.015779096205115,8.139210420669455
1.9967378215835974,43.10213254946567,73.08209649807299,7.644128352588765
5.142344384136116,42.22746992675352,98.12970904972467,7.505605949824734
5.924145688620425,15.955023662162782,25.65300624442478,3.236051493915051
0.46450412719997725,41.44577370753387,65.41746014740745,8.028912216729527
6.075448519014383,1.850381735774631,19.809763275974014,0.46309818875781894
1.7052412368729153,29.81349392410265,56.53302545716099,4.234747082852813
0.6505159298527952,11.500441864385152,46.39324866883362,4.287385568950526
9.488855372533333,6.0283442888639405,97.2005329631537,7.263327448409844
9.656320330745594,3.847660081460458,60.85272726964666,5.42426042860067
8.08397348116461,34.81443879390699,34.950637208681876,5.3287797666575765
3.0461376917337066,16.993748188403305,11.409578488793336,2.4182798532152043
0.9767211400638387,36.238338576438075,15.124682873493455,2.7269459407946393
6.842330265121569,3.2678170399471185,22.53169299512351,4.602229229024775
4.4015249373960135,15.764516891530517,25.0966661340298,5.782088652781249
1.2203823484477883,26.974564618766863,85.06160578411378,3.502237496295746
4.951769101112702,39.53615824194818,56.12227882825249,5.891061865445163
0.34388521115218396,15.937625146603496,52.33909113743665,1.2864356035824605
9.093204020787821,31.294568821850454,11.476887186921747,4.221894176874901
2.587799816000169,44.29888741180935,86.0139693349435,9.081271231547422
6.62522284353982,30.79315940911523,72.28143032084837,5.1191415862648455
3.1171107608941098,11.647973737681689,6.766836190000158,0.2828417091963724
5.200680211778108,1.220039077826901,70.78350972297687,2.693400692124159
5.4671027934327965,43.50494369504649,54.353821734264606,8.576140673702326
1.8485445552552704,1.063470542519357,8.172534574677826,1.023371368109382
9.695846277645586,43.73508363420997,45.830064152865646,7.160705719918891
7.7513282336111455,26.4468567013606,48.469628713004695,6.972074496787319
9.394989415641891,46.95338492564481,16.577454016327575,6.3098489073347075
8.948273504276488,39.93916178868327,94.56981470002823,9.96875139407293
5.978999788110851,49.89670552666687,84.99753714806619,13.78225154828924
9.218742350231167,17.535590772585508,66.90223373291083,9.623341337531022
0.884925020519195,38.35941444655634,46.22955610006072,3.725241779907314
1.959828624191452,20.096545680462107,41.17655415845085,6.119912836565392
0.45227288910538066,23.99378101519544,65.09734671509541,7.3674931240785755
3.2533033076326436,31.375273160918503,54.543186940690546,4.218820747147671
3.8867728968948203,43.68385570931694,6.227310588188562,7.094660967229807
2.713490317738959,49.20417345996476,51.25026487703317,11.101492490221032
8.287375091519294,38.41367069322591,80.64036172328395,7.285770561301819
3.567533266935893,20.888339108366687,45.923987759695805,3.263534310180111
2.8093450968738076,21.06785011385351,5.195657755426842,4.96375985221846
5.426960831582485,36.879115079444574,78.6278199384033,9.247685292832415
1.4092422497476265,11.938857288415116,20.13637821359744,3.5855056399499556
8.021969807540398,5.523705656569733,25.862083488803876,4.1310471344062405
0.7455064367977082,17.731107882038827,16.47063534322959,3.5271356845811925
9.868869366005173,14.361949582704087,33.02150648714976,2.408099899206765
7.722447692966574,14.815406022799504,75.6751505688635,8.904423082559337
1.987156815341724,11.680387552495496,51.93858595039374,6.501579400693129
0.05522117123602399,2.104659481818094,20.488127415071254,0.7871350650465214
8.154614284548341,0.8936967366706905,87.78300781520409,6.022489021709218
7.068573438476172,49.386119486801576,87.95818549515292,7.688020906021595
7.2900716804098735,21.388656686793116,87.05784250460069,8.97828164202699
7.712703466859457,19.216332357984083,23.87962113815393,5.802269869506284
0.7404465173409036,33.982364134653494,45.12393441809881,5.678140403839849
3.5846572854427263,10.912694393253208,98.49896561408751,8.981855896859248
1.1586905952512971,47.49805919751127,77.20124763099903,8.173451958391457
8.631034258755935,39.3172507207776,2.716742122555982,6.922980881743947
6.232981268275579,4.470550115612975,6.5204591260492055,-0.019654455865357523
3.308980248526492,20.87903878924642,46.39313768123328,5.022252510943128
0.6355835028602363,43.95591537810824,90.92202058615601,8.720100751885
3.109823217156622,47.23660111457051,53.870179795271426,8.48974958873383
3.2518332202674705,23.370075562493486,49.781250803429025,4.737382882807577
7.29606178338064,30.670569460535386,10.547369995663058,4.790692611169483
6.3755747135521315,8.35169730460376,65.6780104724294,7.046279539675286
8.872127425763265,49.558431306848824,82.21031606002255,9.967255944362227
4.722149251619493,11.58358506917217,38.04200075075623,0.7917341933015685
1.195942459383017,47.136588706756285,77.56118509253275,12.33007442558971
7.13244787222995,32.482332449618426,96.44766539008116,12.260014246292865
7.607850486168974,30.386839743942957,20.376645912768907,2.9945609770552983
5.612771975694963,25.63442555082543,52.33296311947413,7.682060716685631
7.70967179954561,11.533490585887934,28.713795808457554,3.125023667818107
4.937955963643907,8.826401600275414,79.28544190338394,6.36147787858764
5.227328293819941,11.024310453508768,57.75933658811575,5.62431179154764
4.275410183585496,9.321913107212726,63.45824175503038,4.491369834557247
0.2541912674409519,38.97922367833767,79.79141596158941,6.370800088228635
1.0789142699330445,17.506262958336507,39.59704726624549,2.5651794085000157
0.3142918568673425,2.8921338281698183,91.50900684070432,3.0951382652631816
6.364104112637804,48.45513150704057,53.302886724614,7.119833893001428
3.143559810763267,44.18929424817129,15.7954822835348,5.703058921047811
5.085706911647028,46.387614159760645,69.58991181688025,7.703878410927979
9.07566473926093,49.745391132321764,79.32613504382545,12.120082944700876
2.4929222914887497,8.694762460974365,31.67616770675267,5.926361400404675
4.103829230356297,19.812100945132936,85.7179256998753,5.927765742838232
7.555511385430487,37.911923785204564,90.61432547657664,10.31181993050614
2.2879816549162246,34.80103090268961,27.690448737780894,6.321592078747119
0.7697990982879299,7.694795316992753,98.3521472715222,6.78505125677152
2.8975145291376805,40.79165624953089,14.071152804875842,5.5141367068565925
1.6122128725400442,11.222028591833034,20.201566840248997,3.9400886124232066
9.29697652342573,11.190880741131155,18.422483923802613,4.864105480349707
8.08120379564417,26.84872114467068,89.39897100078704,6.295736578980659
6.334037565104235,29.646996742085157,65.42925523249619,9.241282077632718
8.714605901877178,29.00431039189056,15.210428322227287,7.1784553102093405
8.036720768991145,4.574341869887744,44.032341836834895,2.7398232242715848
1.8657005888603584,43.87304313151902,61.529802506980204,7.912810227168189
8.925589984899778,13.280002129435303,8.34640849893833,4.897096620492541
5.393422419156507,6.475746064140209,88.24163684073388,5.719713293123293
8.074401551640625,44.43740399344886,80.36035354415351,12.222594482412712
8.960912999234932,47.78257491148767,50.52067735766382,13.824218948117668
3.1800347497186388,43.106380863272534,96.71266152591704,8.21030604729687
1.1005192452767676,40.475803736243904,41.77609792750997,3.594399912747693
2.279351625419417,32.76209903195109,98.41103190364979,9.260269014671232
4.271077886262563,27.542868530456964,66.79199988036271,8.39122743456863
8.18014765922493,4.349337995570507,63.467127325394145,4.782586949982206
8.607305832563434,20.422660653534937,16.5954895295785,7.500023034987175
0.06952130531190703,18.6344258506157,88.1927758304644,3.6097740382006744
5.107473025775658,12.98768918801631,42.74896879206152,5.8435492096230615
4.17411003148779,36.17100568442925,16.223340578247935,4.051367962135092
2.2210781047073027,24.79378675393854,1.260751997575904,6.425387708628703
1.198653673336828,4.052310795382397,55.975568363838256,7.428770938733755
3.3761517140362796,11.009160097490566,52.739962212267635,2.8798312876029986
9.429097039125192,34.162938182979794,71.93536223691585,7.799767066151651
3.2320293202075523,3.8065429745150094,89.02580530178021,7.197526200541626
5.187906217433661,42.56034570243843,7.9406584643029525,4.916387437366694
7.030189588951778,24.757326350698715,73.14964903403623,7.448430568697563
3.63629602379294,24.0293288663324,18.741194409758222,4.1180286529645596
9.717820827209607,29.62038923297588,85.8177053157164,5.357142042130018
9.624472949421111,41.234048296257455,81.90635138616561,10.115941496629773
2.5178229582536416,17.390460395109653,54.07937549855444,3.5671238579610685
4.972485058923855,33.90080762795318,71.02427986233116,6.949546122897104
3.0087830981676964,28.28659819978955,31.43501131837484,7.889431012468865
2.848404943774676,13.351413508471065,47.116789893281464,1.747648045707602
0.36886947354532795,43.9314993177579,82.16368977104716,10.201518688533167
6.095643339798968,39.871301080346406,45.92651971732139,6.944658901196887
5.026790232288615,32.922591732921276,35.77982653254418,5.527088209385392
0.5147875124998935,42.52908645471209,49.421244725029986,8.40767217632611
2.7864646423661146,43.364710047990116,82.82492524372184,9.715112784596107
9.082658859666537,35.41814883575174,33.520804737087275,8.175612886801908
2.395618906669724,41.8506664181836,17.37615931357438,7.469367709896746
1.448948720912231,34.87357308346418,71.20140203307808,6.674600387816123
4.89452760277563,34.00703858801502,82.59782127080818,7.2850269738815365
9.856504541106007,30.930568910759217,10.063747852353334,3.3972441387991945
2.4205527151150044,37.63583197788206,23.98741127559447,3.79624324463302
6.721355474058786,7.930255264653685,14.19719897609939,8.745345420699547
7.616196153287175,44.04353795994642,34.79414115821666,10.156659246036483
2.3763754399239967,43.5921763872616,45.035097890541266,4.38409888882198
7.282163486118596,1.4623641517279573,74.88263369633064,2.7018848837259073
3.677831327192532,41.290837528238136,65.11475848816741,9.084120066107674
6.3230583059357945,6.4434933736722595,62.092856747843115,6.108133430702474
6.335297107608947,16.755942712957093,35.23749466096544,5.8022960965005
5.357746840747585,37.17541281458039,84.144755308476,8.48641682792396
0.902897700544083,8.03799480241541,47.128716739816454,3.0899063373353797
8.35302495589238,40.89835120595311,97.91049380151546,11.311723850168274
3.2078006497173583,41.606708897887096,63.41421382957368,8.144727723797526
1.8651851039985423,25.373386688041812,12.626474156450273,-0.896901348068667
0.40775141554763916,0.319293585841679,67.6177562075434,3.0347681909204782
5.908929431882418,14.351906658745639,32.5104015431699,2.539683760888915
6.775643618422825,30.84634591878711,68.63271966860974,8.221822136810788
0.16587828927856152,49.059308901371175,6.964114816240574,11.25783029401168
5.12093058299281,31.59067635083342,17.48814371759594,5.79262426851031
2.2649577519793795,12.99017905320799,85.57372589057863,5.403636377900811
6.451727904094499,31.700285154980566,22.71795570235149,7.4398748853890355
1.7436642900499144,26.999268985792774,83.704112524294,8.199241157222387
6.90937738102466,38.99226975755718,27.927608845441043,7.517671875136386
3.867353463005374,5.349031941347921,64.28819100587077,5.736484623460747
9.367299887367345,38.0513951251014,69.4150573509831,13.262439487191848
1.3752094414599325,27.063328933805515,51.265475314505295,3.282871676745972
3.410663510502585,48.149600192949734,30.531067669673128,7.970910258502056
1.1347352124058907,17.093608301934303,21.264437637109612,1.146767494567012
9.246936182785628,31.631094656697407,3.318935456242622,6.289468767723495
8.77339353380981,46.60140527550087,30.39464012407238,6.09717821754348
2.579416277151556,5.125486399533963,65.3162790531283,3.459512220829954
6.59984046034179,46.86142436182256,93.83048184484826,10.107454792017213
8.172222002012159,34.394286115040664,87.1204482263052,11.381528861911177
5.5520081159946235,3.391852955258595,76.60647765353026,7.116819689286125
5.296505783560065,15.048178347340812,78.84473432532987,4.01492095481982
2.418522909004517,35.40860443226408,66.49849034759953,7.459357764406985
0.9310276780589921,3.367530073438585,26.0286857566003,0.4052331212873268
8.972157579533267,29.108523008813663,90.71950307058299,6.7242491489665
9.004180571633304,17.294152847647837,67.0732311905834,6.449878857771874
6.33101457273268,31.045775888373857,56.04406309804399,6.556018081374482
3.390297910487007,2.2871016906256427,11.098946921348107,6.315150069918416
3.492095746126609,43.576840307618816,44.70555438064254,8.157300549740723
7.259556788702394,48.67444845886985,46.03582712019263,5.865912558128622
8.971102599525771,48.44389276428458,86.45636095226699,9.831879835605077
8.870864242651173,37.48259158714624,54.66482201877885,10.298439699042598
7.798755458576238,6.504312006531599,38.04005489704097,8.289070582960306
6.420316461542877,37.913159796451126,97.68003285106593,6.7874142900310686
0.8413996499504883,1.2293458229400755,11.072059332631568,-2.9150312913624066
1.6162871409461377,1.1061775764498627,42.25484283119446,6.288547678137501
8.985541885270793,16.18051095747706,4.202467517140529,4.404511203400698
6.0642905965958995,24.432159520233288,73.99041207669303,5.619009211424427
0.09197051616629648,38.52037089038966,91.80765521991506,9.530072125512849
1.014715428660321,34.16476883032526,28.003732955048942,-0.2518888615167185
6.635017691080558,22.295135318837417,85.83416767991208,7.854976467289779
0.05061583846218687,13.681333314083293,29.221823046189776,3.494989997096426
1.6080805141749865,49.856225007885556,91.07701616439152,11.709629690918788
5.487337893665861,21.30906511179865,75.3961903596784,4.970391703311883
6.918951976926932,22.569351216483774,80.49067768414386,7.836633724047676
6.519612595026006,8.181191059583458,1.80065556004545,0.36122515084664464
2.242693094605598,39.740477437496466,96.2810357074026,9.74740565938953
7.121792213475358,34.68411128907443,72.66709920703232,6.735431887228083
2.3724908749680007,11.03848063943802,30.47510953861333,2.285900037547628
3.2539969815926773,4.119052280792134,82.9394664858847,3.2180471591115256
7.464914051180242,34.02496510373565,28.152119841492997,7.605357796331578
6.496328990472147,32.72556071405676,87.2753839566128,10.652493300644077
8.49223410494178,13.662976349910466,11.258039041193701,3.1584052681242603
6.576128923003433,47.543178112520515,70.36859774607957,9.664449473076774
5.683086033354716,7.552894589045012,54.069847664491036,1.6982162195329082
0.9367476782809248,21.616740052130094,9.653447019544082,2.232342595832825
3.6771580305943354,47.18079600837994,24.189382825883897,6.562571114167568
2.6520236768172545,20.986365846306114,1.240403627731479,7.932647683440586
2.4398964337908358,31.92629738320428,46.876796546450585,3.800514800852797
9.730105547524456,19.879719898139715,30.126526076000037,8.36867388062374
3.930977246667604,13.710760117433502,59.83574842977588,7.142776429497281
8.920465551771134,49.19888239799141,29.72378077086172,8.751443197676728
6.311386259972629,20.46670031575215,29.99191115069847,8.325783809494931
7.948113035416484,44.70496018395672,74.31931987316034,10.520295564350711
5.026370931051921,11.497730294554309,4.814283597835345,3.17407978689344
5.769038846263591,10.655235201254165,90.28949951919873,6.627564959302981
4.925176938188639,1.556704144225568,85.22638743911814,7.849162938853446
1.952429877980445,32.58334126879425,66.78046832264066,9.180781986229315
7.224521152615053,18.426317186188058,59.32215701073843,5.002289224686313
2.807723624408558,43.21791249198185,89.23024981396523,6.706354075580624
0.2431596643145384,23.66049533457786,18.533017952871443,2.935371089172952
6.454722959071678,48.40967139573608,7.896916219082861,4.926680413546794
1.7711067940704894,9.276275785156058,23.95101699095381,2.3523506376466843
9.404585843529143,43.43115839778054,79.45782787001903,12.671800671353113
9.539285770025874,38.829842639587085,3.4670266726483323,5.049589441422721
9.148643902204485,38.5460922322026,58.280683508348964,8.512725416455456
3.7015870025544437,42.239161405844385,99.54375161913099,10.057466591668666
0.15456616528867428,38.05119954714994,85.56960938375394,9.811375421370995
9.283185625877254,31.31101608157077,52.14456890435895,3.1011885105812658
4.281841483173143,6.562243884119379,6.364090928664234,0.617396641949185
9.666548190436696,1.6263089745625958,83.13735143857099,6.675375492031094
9.636199770892528,46.04239239078434,59.89785081772106,11.926529646996716
8.530094554673601,30.832515726036902,11.493299705956684,4.380130573823835
2.944488920695857,39.826864548808814,9.38572848233562,1.2877652510530861
3.8509772860192526,24.076117575627503,90.96268194365923,8.965364203881837
8.511366715168569,5.865409448119724,66.92002629380784,4.36409082488482
3.1692200515627764,6.259289610127522,82.92867993167555,3.026873649728363
1.6949274668609249,34.27826436144857,87.89789002822673,6.913015651501929
5.568012624583502,21.515294744973133,57.17723520483222,5.754943044343926
9.36154774160781,10.026236335016836,51.74463517550413,4.252675611522027
6.96029796674973,24.579727337071844,43.042741032099016,1.5910372644639432
5.700611700893649,3.2104468537567046,31.69465877911193,4.840032358284262
0.9717649377076854,29.09857009571994,43.459596085871176,7.826939883964535
6.150072266991698,13.449670221754884,77.38796557301563,7.747423736903622
9.900538501042632,39.87795503185941,60.19234310151316,6.702149017620492
1.4008401523652403,15.518097946178688,89.2523289954846,5.8916112069701105
5.183296523637368,22.76100745409006,44.33800143791877,5.516617491573502
8.773730719279554,0.5810269954050318,60.7089578718754,6.045885516114004
7.407686177542044,3.622344389727944,63.130755309198875,6.336990417377309
6.97015740995268,19.62467782033424,59.16971623063255,4.846637477998597
7.024840839871093,23.996941735856176,70.26337730855164,7.48182231981454
3.5949115121975517,30.001027405965186,23.74334683748063,5.820813194140543
2.9359184426449336,14.583128935465162,51.23637775457907,7.51896011409799
8.093611554785136,34.74909430632713,10.422480280834767,7.023768835280926
8.101133946791808,43.00611985946023,38.45113276448126,9.421508788279485
8.670723185801037,38.99254944466749,48.76670686212644,8.239388180592002
9.132405525564714,1.9809412674178573,65.22242595454725,8.1066148199891
5.113423988609378,24.02534736289145,95.05310525862035,8.997400388861033
5.015162946871996,5.246508920908743,60.06510665483559,2.808762993859912
7.9829517896677515,12.102250793126373,74.35939161765597,9.331524958379369
6.4996393077776515,49.333129663357326,50.626605949520275,10.160377670445333
7.019668772577034,7.124777145075662,63.41040313763313,4.400843583647665
7.95792669436101,24.944407672567802,7.093221613377343,3.481701251999363
8.900053418175663,30.907786715905956,25.439158084184697,6.735898349716487
3.379951568515358,35.1232485272052,36.185309320513866,6.9239502229844545
3.75582952639944,27.982434174345705,47.249335500651355,6.306460629009439
0.93981939840869,0.48854237095918296,4.564874550238374,1.0876791911753447
5.78280140996174,16.323065412199593,14.002409755331769,6.888902060131658
0.35942273796742086,25.885582169235573,27.68143077913058,6.187600607943342
4.655980181324601,4.393324957241668,97.15326909010507,6.60946316902439
5.426446347075766,17.53134656045904,33.134700710305076,6.377780122511277
2.865412521282844,1.6601554395683282,48.20410581120825,1.084255531718735
5.9083326056901075,3.928924857751037,19.609771273839293,3.3509016704987076
0.3050024993904943,19.846163810079805,61.07800710757682,8.718129935731142
0.37348188749214417,6.635787702153017,28.068321551597432,1.7055994345088545
8.226005606596583,28.37704241307791,20.699257843842677,3.8226003975810716
3.601906414112629,34.47324845686329,51.65726284459791,5.44639149355263
1.2706051265188478,40.029334955454146,0.5505799160420821,2.1053174419665117
5.222432600548044,10.007512212240504,0.7664032649225327,0.5140340883243792
7.699935530986108,8.374129112953488,21.906880910185777,2.731727865821801
2.1582102749684315,5.228392016720012,3.672136250082114,-1.6730459691874908
6.228904758190002,31.821512477181834,10.802575413069137,4.999297637908847
0.85347464993768,35.32378632434506,33.88606493387516,7.201931156689095
0.516817211686077,1.5793072412821019,80.25856795798128,2.458710204070649
5.31354631568148,46.81061231218449,57.204864336930086,11.642581558484787
5.406351216101065,2.5985641825736208,51.26677259564164,4.926049468314847
6.374299014982066,27.06481676505352,29.348882320812166,7.509946766790489
7.260913337226615,35.453025972545824,93.17537194328163,8.340584754159714
9.758520794625346,43.54845618730428,39.70150412371917,10.000675437974689
5.163003483011953,35.70434660662139,8.70927667957715,2.854631390452761
3.2295647294124596,40.08640415348959,61.70665161178013,9.520380943493477
7.9518619476870365,16.972509627140305,11.38383934766014,4.200493999221507
2.708322512620742,40.74125568732561,34.52231428016921,7.448408225234737
4.389714207056361,4.005742319233757,50.74119387178089,1.4643875556739894
0.7845638134226596,44.74083280302638,87.42225246851758,7.211968981859839
0.2535074341545751,27.37961880768681,49.35465803401187,6.450852705806959
9.626484146779251,40.864888498124685,70.22587660316643,7.626383500878239
8.359801205122059,22.615914225915006,99.28168389990704,9.824048442809511
6.95974206093698,32.178884759826246,13.148911989798162,2.5330068747394376
4.089529444142698,26.320133046805662,27.47315255195195,6.51992524644004
1.7329432007084578,36.579476087766594,39.45760755976464,3.5123699973695643
1.5643704267108605,4.081499101529479,42.18281785388314,3.934764763548323
2.502428981645953,3.01760419952819,41.102107526554576,4.10861345990174
5.4922666470612045,12.355161700507322,90.76110025565549,5.478480875386598
7.145959227000623,7.977234005659417,71.40326444668564,6.961131602469802
6.601973767177313,43.589178329610085,60.79052140907037,9.239723183517102
2.7993389694594284,10.960699367902215,30.93727178627821,2.125117607610542
9.54865280663194,48.79326279095657,82.37903842212947,8.890899393376102
7.378969166957685,16.844789588555344,95.5060511484989,4.010323966326858
5.543540525114007,9.105895784434964,82.11982825502265,6.824589190816818
6.117207462343522,39.484925357123956,0.15651051914729042,2.0501540114143544
4.196000624277899,32.935388775043805,63.6401370183407,7.5054342521596125
2.4773098950115746,24.90978582265695,5.1135381442100725,2.715221036314016
3.559726786512616,27.76817754688156,25.760722033372186,6.13508476453568
7.578461104643691,35.96008891361319,5.952470034777169,4.805233615049187
0.14393488629755868,11.422737066564936,60.37954529493877,3.531142375968761
1.1607264050691624,49.816695802837096,68.65899134926067,10.110505837337168
0.4600264202175275,48.73965810733915,11.448763806590511,6.2085253432751815
0.40728802318970136,32.516284317346845,38.38388830449795,5.884592365963079
8.554605840110073,9.977122546457256,45.6236508955542,5.928351147062503
7.036578593800237,34.01141212156457,36.90530217609166,3.5825777933068754
4.741738290873252,3.609920448958792,12.102500048519305,3.428042065470459
0.9783416065100148,1.5326251102903032,41.89477901874754,3.6686073712956153
4.916158751168323,12.884144425560685,75.11780478084181,3.9941701746788287
4.734717707805657,23.131147836965816,7.100766453325546,3.126935700575588
1.7320186991001518,43.413625270419026,8.018001408190345,5.010051762016189
4.33851649237973,36.3584534883154,35.47712918359842,6.0084115376839415
3.9850473439737346,37.13532605999905,94.1725711618925,9.886890566026347
6.158500980522165,21.27466672240377,66.85726467229141,9.564763665621747
6.350936508676438,17.296749627348145,67.86699566725648,8.556745503178583
0.4530400977204452,18.551938149230136,36.1919990837865,1.1309634017936152
3.746126146264712,49.38247818680289,59.36607912085384,9.899916984588021
6.258599157142363,2.005459570624124,1.0131184027743378,4.1607883477004215
5.031362585800877,43.35157480612243,63.60960464095422,9.295527271198534
8.564898411883222,28.93377042861967,91.32869475762368,11.35475231349173
6.58693631618945,21.930770959479524,61.25734683448192,10.59787259231147
1.629344270814297,36.262883020756824,87.3698593466345,10.36806921578423
0.7056874740042984,24.333447071235142,72.39730554660937,6.6929646705383
6.424192782063156,43.67116190408303,12.055841640369025,8.344923777008892
0.26511310541621813,45.035093200562926,90.24533072858418,9.358574143762526
5.8577558127346325,21.08604634367277,6.644384435577488,3.660181105262989
9.402302414249576,13.841389861752578,53.39674725477638,5.231608360336527
5.75474177875879,29.61751642966811,14.213712379345766,7.950212335350074
3.881699262065219,45.61816728083455,1.1706610730904066,3.759832302267016
6.432882184423532,10.533109450283328,42.2034260127639,7.514794131907466
4.582528904915167,31.148329178174137,29.504070765415623,6.506270484551972
5.45616789315935,31.578011004626028,48.6000493797603,3.8804247984786047
9.41464808776525,36.65565112076405,57.71998867345508,9.169792749285053
3.8610263780077423,6.57838425636299,4.373907230894735,-2.5513139525206636
9.611905638239142,35.79124823410443,12.300329512374564,7.3675384603390714
9.053506419560637,45.45162603328205,55.86423964504254,10.919538835470442
1.9579113478929644,8.984155443512098,34.316735317265824,1.821122668488987
0.6936130087516545,11.877166246193882,72.9173487549448,5.219402056028124
1.0077800137742665,48.56975470208198,65.22916485919397,12.228304583423323
0.18221825651549728,9.048847635474488,84.56043629899068,4.1578568212762095
0.944429607559284,42.71925466847895,69.24928266692253,5.805460347592678
6.830067734163569,24.613892822401738,42.99310773901481,8.940385020948826
0.7118864846022899,12.361553720158852,67.29666223944324,8.668540161970096
3.189756302937613,43.53749506362557,27.538117425541852,6.3759979819228665
8.448753109694545,22.265262750133274,30.63134987782127,7.470770461660013
0.23271935735825866,25.74086769648451,78.89851599207933,9.248508271785832
8.144684825889358,17.961668469988286,44.64195164015822,4.172232929107844
2.8185477477339993,29.64754257174637,79.83803405183525,6.5497538385774625
1.1816482762165625,8.176193629251138,82.24223736682784,7.627809912819288
6.967371653641506,19.554076832588034,85.75623376612837,11.006722259710543
6.28942846779884,48.470616116764376,91.66352358412072,11.813885204790951
8.77472013527053,12.906671635056377,43.098522051329624,3.4409085861221156
7.350710438038858,32.83683322706461,31.886681832113883,10.32228172531881
8.034809303848485,16.259503211234744,58.21987465941139,5.081964119239812
2.820345725713065,38.67365628433003,37.117242343762754,5.617021328420849
1.7743954377972282,6.543683035917491,60.1074166800233,4.6992938941316025
7.506147516408584,48.491052253927236,70.55858626438246,12.986584883323111
8.06834739267264,22.68947706918196,68.84050184921368,9.032594231017857
9.905051420006734,11.802523167323198,37.45528870201213,5.863758036558094
4.126176769114265,3.6748373665006326,16.68602016987528,2.953597159202893
3.720180857927832,8.487895254377037,43.05293384622075,3.83250172662124
7.764129607419968,25.988697427800883,14.259414408190874,5.980945413710638
3.4080354025301784,16.850158821564314,89.00970351838083,1.7579879831929022
9.307573256035647,41.44416829413047,34.58774607378574,7.142103866169867
8.584127518430119,21.544376183090296,15.445974722332378,5.126205727945234
4.289940273750183,12.435713629381496,2.5447759905750877,-0.07322995002207344
7.508710677914974,30.8572493302015,64.58223862864843,8.589225635658686
7.545428740846823,35.33886084427229,63.69023174547432,7.818540977898067
1.031238688359326,8.352095395047494,34.060416658129164,6.255429506714053
9.025529066795666,8.380960814415882,7.171188884765101,6.14780078946869
5.052523724478571,1.8335713466771486,40.9628894895232,2.3103952158032635
8.264574661077416,36.82010075328203,31.12174950633936,6.589337059727264
3.2004960103061175,33.190226381090255,67.71206397350093,7.19682990762851
8.955232284962005,23.731543787490693,60.57792494526903,6.289778130685677
3.892016787341631,42.20852244845986,36.459372819754,7.212274211358265
0.1083765148029836,40.28350764750266,21.78925542549901,3.622924701210634
9.053819764192637,29.267718219837608,98.80359661555919,7.416484935725196
0.9128667678613356,43.41356402566293,45.40016211961149,8.039360309919672
3.1931363759041487,10.292060501838412,68.82742357802371,6.368263672709478
9.50061967050805,5.595980969886394,14.055296757836079,1.553855349662069
9.506071469375561,13.487480575849482,48.55896996593978,7.468621711282249
5.734378881232861,2.854342804465743,2.7536719869465487,0.30683819770981136
6.318372121697992,26.5584764000516,50.545511791044994,6.953128129972971
4.4844552197831975,46.830284614748074,96.40174071177023,12.040694566244872
2.9321077169806453,1.9671770334254823,38.420671298580025,2.6369476822602524
3.2866454536991596,6.10549570050134,3.8996012574911587,2.3723405479467927
6.725184560770384,22.609951414171764,3.095579091934353,2.7279517203928276
7.5237452943768,46.69375087639524,38.798675994686946,7.721124779393039
7.915790437258485,15.807805248837525,16.002493646319405,3.5523444328907394
7.896181427945539,25.361740434419623,2.335209632818591,2.739014117591521
0.9120610304869037,2.078642952519605,75.62136139501769,3.8177962448686618
4.944203047025814,7.417160048104443,45.85230088818907,0.9259350608975674
0.5755876001664428,49.33150614794234,28.924477197265453,5.512184500406587
5.495288823237355,48.25593482180228,90.00831830164807,9.855316175170762
4.41530501373377,0.24699904672048079,11.613896020052561,0.9760962034306698
8.877041827582998,47.590589271161946,95.59188289553192,10.831066545667834
3.5091501255207866,31.95599689077502,31.396671737735282,5.343734901348165
1.1706701642760586,43.39591472600111,88.84036723086813,9.974626903170858
1.4299168205283586,22.736992781692955,60.294287647946156,7.323431172937321
7.615106317174723,25.77980142896251,82.67073597414874,6.935007751342099
6.182180633162611,24.44232901284601,98.40131632104642,6.194333133191156
1.0112267612279024,33.34321287730522,28.840543781874572,2.8945050045836256
0.8410680611499743,6.982562737815645,96.1135485407593,4.69774147065967
7.009691314591199,1.4986794936338976,38.94818949024204,2.7953730511607136
0.7276300636419353,15.396497079559545,38.55119047369223,2.072743111974039
8.218600592903563,35.23403813683233,34.03871042545057,4.276826125036685
7.062422271564962,10.092672606147419,54.14076073475852,4.216548096717284
0.8134878064189976,33.67162166624587,15.41450431784871,4.663438184028765
0.8483771408519192,48.49560230536352,55.37114853580112,8.97785201716792
9.866395785011754,4.69503578947092,54.1704812410004,4.036460691782821
3.742707957561203,33.630105911256315,76.190181260487,7.095065601375355
3.706421470668909,22.187510965228558,83.36499619375856,5.274888582649944
8.127995672575025,43.40711271887527,44.044135031242405,8.105638817215102
9.472485773838587,8.857489472369295,30.233324935149376,2.5950550803804866
9.860010638228708,34.63129761130823,25.933489731709447,7.878062001844437
7.533781852589416,41.90576448240551,19.462383670487192,3.098719018414572
3.762595855309158,47.230710973701164,5.764758219902488,5.044568834522147
0.8350071669866876,34.16240141448229,34.244797883471335,5.897696147402618
7.771469159274368,24.858738200421364,27.024769213078326,5.759075145195935
5.58404249735805,30.892362010060694,96.64173858664074,14.42419895777071
4.242220092469763,43.44524922393591,55.77088262500439,8.68111312127358
9.06354385094736,28.530487331941483,34.72770390305075,4.394033504852137
1.1119748230615134,1.519352984841843,58.0467600993696,3.085739773886821
4.926251042908591,46.54743477534889,13.91967013456955,2.783484525912182
0.11353644767419069,34.476337551578055,44.40437492022029,5.529360292110137
4.6866064199412625,33.82566928886233,62.62343214210638,5.784947705978287
0.5630327568183735,10.783757619885858,48.889783179245136,5.466252023434841
1.1881791626807192,32.94427351163286,40.177880065432426,4.4418766377799805
1.1752624677710488,19.693220282707923,99.38483888996981,6.940084634733
6.492103021160636,32.561648852074605,88.0314762148927,7.685043617375417
7.460448792654233,5.3296515153995365,62.34059581594401,8.619787404574662
5.833687650971596,32.8922652301518,56.93773611822828,6.660365326885091
9.621725484745419,49.97068628853333,62.06604798245841,13.689830211883741
3.748705795237041,2.4106019430278014,20.131210782243325,3.625665416698888
2.8571208628186073,48.858709211065865,39.51377432643186,8.397117264662674
8.685991281894603,20.345398036143532,3.945953289089932,4.70650201908281
2.235958385194526,43.537672516862955,47.554603748682666,7.966283712591836
9.632225394406113,39.11927420291367,54.302458395766315,4.698150260269687
0.12154474689816341,28.35081304933339,22.77497361032096,3.440372146527507
9.69878826707639,36.92246046256633,96.40288471655137,12.142463877868122
0.43159911950576113,43.9257780650674,90.9454610937242,8.928376318145892
8.911431136980712,20.20701608255165,72.21432354559059,4.603324319323688
5.277011090862999,16.351658078161936,53.33866287653626,5.252692268660667
9.929647961193004,33.379669278179236,86.99691596476849,13.08195335080593
0.7379656473539886,40.39229709706293,13.065234382346292,7.333867989363846
5.538542844013207,38.11425673883079,79.0509794274885,8.747675195328082
9.69302535619099,39.89068244293173,12.48208139668483,8.454675939481787
5.230978441701488,21.77916574064665,79.42106625494054,6.462151534415886
6.293986381352625,40.89171080875108,27.576756825135696,3.31906302474898
6.957486889846171,6.010452768530422,87.7090581018189,4.529063583654113
4.545410647677732,27.224454898042477,94.40420938253979,11.477515625483178
6.275580800840634,0.2879330249060785,14.879596940511563,1.4799031460257046
5.843143119231002,16.229291495013516,46.267560506539354,4.618167839924483
9.01158010490989,18.323076743569892,98.09873781626851,7.939884193602633
0.4544638034145787,19.80863458046277,48.34074359731466,8.29706657774094
2.809631895922303,34.773360334493105,86.35475225145451,11.608917855930624
9.504114840765588,19.427905063517287,58.87315221313199,11.224831552057715
8.902637838909163,22.43468113112653,37.53299079196019,5.582554799692392
4.55656752785713,11.877206543716373,28.57835555258702,4.119200915066604
6.201325978015367,18.662589581467003,20.322309108608728,1.0893545103386284
2.7738118298113266,11.363481363157574,76.17981913776973,8.453970311403058
1.881211597237613,3.659796188422182,38.65405068230279,0.33936536986901045
4.636984049399821,30.172429669068894,51.12754622007512,6.934568215315868
3.533522280260528,33.410639927750815,49.23254800011819,4.3147907935674095
5.836561118508721,30.974517300480723,57.727902923313124,5.973425446438081
0.7773463696498484,23.17470219002862,86.55771456245522,5.126300358956192
9.743948076661665,18.989289008961492,98.07393435834294,7.535664712793993
9.86210744479603,43.16668247859126,40.758420857381694,7.2487653733894595
6.981617140197452,25.954089256810903,82.7518922106303,7.032789374401942
5.360963663441204,23.95909388148655,76.45277946547176,8.9574089176711
3.0952761628632777,1.2821032903217844,57.352895145557326,1.4051847327576605
8.137950197069486,17.06239138130782,95.60471436119332,8.555147749632079
6.847311725538793,19.009780939292853,20.04745155284028,6.708731321290174
1.626169393448913,19.941139044845023,10.92642103096214,1.8392761056956
9.109271844938425,29.008618461366613,85.39619669554222,7.556688268406253
8.22537242923169,26.680127336343922,43.91498166337483,6.047787052288971
9.49799913291924,30.39525463967223,84.69688542070605,11.533419978307794
7.2571950838836,38.244163077106414,89.30902051954149,10.129521612371152
6.134151959357899,40.649286935804675,6.245759361907144,4.541618464332208
4.182430362906189,35.90615381132472,88.34647629860606,9.812178571020093
9.327284833540133,47.77618479774674,44.831905536942216,6.680086423656965
8.660638895004084,0.9116291338180815,51.04324890042322,5.738172158289682
0.45218670106189407,9.788899284177305,62.659251109321026,5.019504439499696
0.26366974497252005,0.378143748907106,92.63826067300867,4.10684441525788
3.7646336687804958,32.37373570773015,1.911609442976403,2.4087091797834725
8.105533307818328,44.90152744749935,47.68434683178171,6.722114903335771
9.872761293149445,12.174114828814965,68.77220424305607,7.70020862635601
1.5041689110352818,46.35172723981533,72.27069576982285,11.007502299657856
5.941307153521351,3.0133695144780424,69.2532431537108,3.677645045780025
3.8089085663102153,46.72180134027572,13.443512940812186,7.022910901433193
9.699143978146033,17.58113436198172,29.93955883716812,1.020866136481648
8.421189231357086,5.071041422460826,35.87155254170135,2.815684154288168
8.383287047111379,24.29358795931628,80.4437207679505,8.066084378009624
4.686931597949703,12.838828386025398,27.875987241455302,1.7957016863015782
4.148195023376652,14.243645098096142,21.070496386720315,1.4345155842417687
2.7340707193070624,15.364498246314328,95.74480190380962,5.534944950745555
0.5637549665092711,40.15129489163317,0.88632851134689,4.756582364685261
8.647223762550531,26.958063833762726,99.78208556819781,9.039697377483522
8.129010091300776,15.565384957800182,67.68212988573956,2.0899845416772083
9.997176732861305,30.51668916554592,82.84692994491171,4.952050455102307
9.966368370739055,35.80753371115968,29.461939634619316,5.833393671280394
5.5543170560262745,13.631200036676688,1.4315277667059978,3.4609329753153277
7.689874151805105,20.677455076267577,73.78695185615301,1.8000582453449603
9.44765729882428,6.0943046668473775,83.41445970006758,5.670224559149712
8.496473906774115,9.057467476734015,74.04761319535191,5.254926475760978
2.4734810174319763,34.05589269824914,14.285028730083859,7.391212466232398
4.505441353100935,9.071917384781347,75.34279222569691,4.80537599695744
1.2915941515149498,26.258169183353008,76.8922782107641,7.494727628658354
9.540510272587223,35.452313086121634,65.85405156700548,9.02855022165481
6.0617463445088005,5.343846154737192,76.61159327955862,1.3161805887390097
2.2864280550346274,28.365610981445176,84.59214396777321,9.059868340803579
6.7170068440585675,12.828139185068189,61.360411423745845,6.125028869418402
6.181282404578958,48.14634376187899,8.860471396967906,7.510451706301265
3.5816271803284048,24.177282335996235,48.76278096672109,13.424668130874013
1.1355759219962902,40.299627488757906,7.764933467160507,0.4770987276358971
6.715731955927996,27.511327107813088,40.75430310324308,9.58138755665128
5.2030770090379335,2.170626642740958,40.71064891256276,2.7183154729091097
7.723183917356393,31.657568779701116,6.600984414024158,5.615100690948617
5.201635011119934,47.570167110332854,34.88205339694793,7.4504218925021855
8.5218150031854,30.08059100731656,11.099809879131485,4.418939928529224
5.519068387744856,40.95944297133951,80.82352100092221,8.101268168251515
5.609379715353863,44.21032316742039,94.76880259644707,10.940365860781185
8.76653602658345,11.403988597446624,7.231647525793861,0.22094104800768744
4.034828662123971,10.602241995411333,95.51152072917014,8.143924303467966
1.3401522845064073,30.549049442549585,52.25765993367452,5.103429588069458
0.28782676313338973,20.551423490335235,29.95656779538739,1.3503974133488557
7.55137255673619,41.99306514333602,7.686207527616351,5.193865686070031
6.203095513534647,45.00115616990056,50.06242680704178,10.75815449377422
7.0407976809922355,17.671068965135905,79.45155444907486,6.077173981133335
2.129641615089107,11.843527948724104,70.70864772666981,5.862620740642964
1.3637147558676976,39.026275762193094,5.022601146397376,2.9645880332817707
0.14544665667881929,13.740301777406804,7.290183536790352,3.283472385763201
3.5058755880659698,41.13071592568392,40.28732826326371,8.19962860092518
5.899176868546331,21.18691268243814,29.52904940479433,8.47219677878562
3.922440450997323,33.37749496457352,23.238432305604782,4.933031310938626
4.374749220237291,4.776765691733409,28.10044989087136,4.094958517280181
9.041586944937483,31.19296623382865,80.34827432968846,9.141162807932675
3.4825546702330037,22.588383936861455,92.92280536318539,10.193233159618044
5.139894891598108,29.330423158773705,40.510269452756646,4.548869991617365
7.8365301274114305,8.400710387243171,90.61110021324971,8.427942700623651
3.9654278232127016,36.843687247209104,32.1495701247882,5.695538203369497
6.220867002278735,43.13985387716143,47.64369863437916,7.811967365673852
8.623637087467452,10.836990004538782,22.602899781599973,4.122076375924114
9.495206236576422,4.785727776008086,64.0476042175844,6.084475028648668
1.4707348092903794,1.1819293023168198,97.89811151748088,5.0747873817198865
9.265876251614944,32.0985750221633,60.34930960433786,8.509924599097266
4.921162930795382,30.35470180443904,35.78140841135489,8.965009302295094
2.5824438829895833,27.334870635703503,64.78174459905284,8.459962441351347
4.591357562382613,11.597354805798771,12.292067846538757,4.430919570377131
9.800325752854771,19.545299795275735,88.86590802653987,7.44681147937778
4.926180939928696,29.72381675930865,50.30839507798363,4.694555961359138
3.287516102875082,24.83834294295847,44.93497420396421,7.298687341544579
6.334008543167258,49.38927601074437,58.58647884535192,10.887146837035074
2.401456187781931,6.8219876278366565,62.47838627894025,7.231750665789029
0.7586332810866392,34.75722770237969,7.177580622651303,2.778367205649402
1.2887972191064923,20.215938405214608,68.26172212234025,5.233342079739077
1.2804583895777244,21.409980746280738,24.193168031552958,0.32777982907039815
1.5190269351229435,35.87988828290881,71.39526325065899,6.676615165726672
1.3882717264941014,34.62180756621848,82.25347943841967,9.845650095000547
6.4087474480321465,49.56279968510942,80.39585075525203,9.324831237423576
1.8188008439914483,6.419714472706262,55.25009674078891,5.049196043510009
3.456672833238632,5.205482469208317,52.016989231075115,3.4317260631266913
8.967884099060118,36.216940856437056,14.287596133941172,6.777764768595909
4.739616402628723,28.919345850320454,77.53461504031355,5.421205837942133
6.675577385210271,13.708033327990293,27.140938044671437,4.233384611342458
1.7231987120162984,3.9709684494493303,49.669542281794655,-2.757058240363521
1.9228901880867078,4.282912479821527,28.42740929275167,1.8604474339131083
0.40868616266478863,44.70954373320591,13.382836299969314,1.9608869334217345
1.6893506307216455,9.593366235937145,62.95576968917366,6.8569842672903585
2.7859033903195862,16.16857810577604,5.4332034822903825,4.000513368285063
1.7701048427674682,11.3328201113494,74.86452341262,6.163871114251596
0.8870253375705561,17.749815291596864,31.758679526111667,6.582333027298141
1.206358711006008,3.4711921373046684,0.013469300448532007,-1.3087686206955795
4.607787680327258,25.95298954541352,51.11291392372298,9.567228582624068
2.063337184057925,3.380628179610745,4.6851908527603126,2.8493729259314446
3.6426986104807546,40.01782539111808,27.616955782089946,5.638059475874565
5.034172708548569,11.68560409552165,70.69764874557161,7.9815176829063486
6.903948286293653,27.00059573022553,6.268962162186586,2.1817103135673457
0.39312139841098936,44.00395437807291,83.93384923560023,7.026683856214154
7.994103989090426,32.54386845235971,0.3819922658583108,3.6551278098675715
6.279003894909078,26.647889327566766,24.682386920190226,4.096753641619974
0.8175903194887191,16.21668765576878,74.09040561520715,3.376591824714474
8.735786241067773,16.650095652909897,31.627014972930677,7.439683696341728
9.208724005318132,33.474347759909506,10.189238806601352,5.180932716644982
0.6107795985486375,49.706968061058376,36.02339188004279,7.599032256531465
2.7687764814720373,33.09195949246893,27.039328638452552,4.074214944636568
8.062012797930613,27.889170868501246,84.27119021605549,4.973672556141988
7.482596903836583,36.532525511962305,31.334791758514314,7.256626236672107
1.8452101935637732,23.26028061418591,78.89324717760073,2.8152225081718285
2.093493233367103,3.0071171300392607,89.18721448107347,5.041502991560082
3.70472102791382,28.11484079389549,43.381741957652956,2.9848853051893403
4.845229851910213,47.88126422526901,90.9943143854392,14.281440110642519
6.1825477153029595,8.765147117882982,37.73180539631929,5.8223399690142985
3.689136395697724,34.50024454103329,96.40784164901082,9.219751398236376
4.625347161331479,10.046684432952823,8.928952452557294,4.90359885349878
7.474709381337565,26.791384223654063,68.70192665032427,5.9165446762176614
0.366832028905979,4.8338224823359806,49.38140404569287,4.112777613639624
2.5243694434402073,22.518546812909257,38.76488054556471,5.09459346469463
7.133495858845524,37.80816644476231,63.27118787486009,8.89911537265568
8.952068376871994,17.378576211949103,70.38570916343312,9.592263754954502
5.116774421156661,33.2455862243609,0.43632696503090873,5.834714060478571
5.321134852653157,39.77249803948646,16.69530887471987,6.453689543865318
1.0717201133977605,46.358890973972635,71.30460506343186,5.105688500791817
4.474123668234546,11.732104092772676,66.63854135782064,3.4798696202562818
5.326172664550231,19.965795790465407,96.60475051286772,7.646633770408526
2.4247050363472966,7.620800666520871,76.1037790250783,5.238954773728764
2.6924323094938094,49.62417510791876,95.0772707731338,7.994360061999481
3.7728416310462265,46.35004839621477,70.25405015348069,13.7256290246616
0.20071197777726368,26.99785651402798,29.805220863944314,7.262977200662612
3.220791655831783,42.10166471882106,10.536492225085647,6.585386055087713
2.1144800699654462,26.04789886360211,78.18238633449356,7.080878939645467
3.2749735217791462,31.179284400137984,64.4149221475916,6.569251311946904
1.1976213181925122,4.456221605800831,4.818601239329623,-0.9777604338594044
8.90527280739895,37.763521024840394,36.005046590097834,7.512620030506446
5.935924535540487,6.3856741817617415,95.67998154842861,7.125256482991204
6.791023191444896,41.303381512626416,50.04011457102012,5.507027367139379
7.891712386073383,39.101404383519295,43.272913601970465,8.320481430154926
4.984421989290572,35.43723488714882,45.7699605159294,6.518587814719968
0.8692028808742369,1.8080190262381057,20.88827240051637,-2.4165590169303055
5.371065418185478,15.15641779726643,36.87071708647952,2.712620696128711
5.868411180208791,13.155628495542143,36.98132559871766,3.511100298688567
7.4543947418433,18.006820373575955,5.2355020187472405,7.328711401343998
4.316595462296794,4.382137338191927,76.75676285179182,6.252477217935659
1.2758030279556376,46.84789115155314,41.6504431903879,4.351508742066054
2.8377590579872445,27.690112035618814,82.21798868164232,8.419535028076721
3.630822963986351,15.276215532901178,85.03480011198954,3.4109181738101344
6.459172413316012,19.849075853714172,21.199405469865805,6.5020944493020565
5.707783046689119,22.360127025241784,65.73534821701286,5.722087419076889
3.5609672589784624,30.029716668030865,47.22818041629817,5.889301761935346
9.865152487929796,25.783971384824888,88.0156737921485,11.603804620760252
6.057748193568871,45.96959866072087,21.57406791764541,4.312885763499632
2.372267917359945,24.848174145291512,67.78132003100443,3.55410062932538
1.0178247262040374,49.607900741165636,60.775212225272256,7.035916977928975
1.5285913918433203,42.571247887254785,29.53014775718328,8.11610815699194
2.459577283845081,10.42552571786679,13.660090365117261,-0.8212196041421262
1.6068137325955567,46.52976073219581,65.16397604772766,2.568226425903938
1.8656702405130576,5.818319894273804,73.85974581323308,3.745635611373648
2.850951686938471,40.87248542455958,31.562734376335,7.339057198482243
1.7337359529475482,19.031164673829004,64.48326040223138,7.8745501775616376
8.967654246264251,43.898716022253474,39.51309076115032,7.232734265364916
0.8023374566164221,43.40283450537252,71.32068832826177,7.2439321440416204
5.245113895702547,40.296270005881055,19.92152748940531,8.382527622710375
4.103968269896615,39.50152181535307,89.02150026361744,5.482537449304661
9.823786169086064,15.23395695490204,28.74095964655797,4.148159361269298
1.1203890216805235,4.045964152562609,36.77859877561529,2.8484519382232456
3.9785559904574166,20.149008938258074,5.8091952080349785,3.9995092948891084
9.69470433275369,8.676225749325434,11.15122123212764,2.3445111167078982
8.655071258939802,34.747554445123086,51.58619027123281,7.853961233273592
8.1707207094928,17.304986326889278,26.75926767279715,-0.2740485485986337
2.579028270449398,48.78051004299574,83.54802257421944,8.25476096243273
1.7088758739006582,32.0486038672666,1.4693388654953843,4.527119929890495
6.68643219924431,41.124028181718046,37.90940486719362,5.380571432870989
9.293759891275858,6.6262336370924215,33.73455467690927,4.326071518989073
5.567628930139298,43.10072411363113,1.9327630917601035,6.413981353584374
5.7161268946989985,46.13785952566972,12.436839900051023,5.693754924793793
2.7997909366028417,24.353095940946794,41.36426749186353,5.404408698001566
7.694929331919369,30.312646887548873,49.28645844474466,5.10910834680677
1.8704374855752337,38.24049004514977,40.42897472548691,5.8063626785122775
3.2367923640424365,8.741931363020628,53.093767841209385,5.396672340349465
4.254364386164168,25.12830382317212,59.51316749056815,6.6533075560153225
5.07610378684455,19.933151388615656,0.992382112783563,1.8850924627417829
2.4240973241508024,7.318699608112455,46.409515945350385,3.985598031490511
1.1483682473920354,18.376721114576572,96.34992408875883,8.314061546647242
6.1062004244163255,3.4086154692746784,51.90322801295487,0.057380475303520306
2.8863055324025577,1.2905953474743492,67.75422674589532,6.412180108434509
5.812382214226123,6.758314457741138,31.18638579168832,2.725117700841611
1.5436271527420231,48.15575557945869,77.39913781527625,9.84523774573855
4.811401018548175,27.476476794750848,77.2921481876115,9.969029139855751
5.325894325515859,48.291108057661,52.129604765413895,5.757422514679035
0.5182353682242691,21.6248939165066,97.60138232792136,5.727323576836489
3.366042781939206,15.590806654262979,12.555021476265338,2.2829429038759965
1.3441467693897424,25.307093142012206,1.6947664889580993,1.316769950278218
0.6337497047276774,21.975584431645505,77.0158211757096,9.644972594569184
9.899602323899453,5.283234213087196,80.71555373648826,4.830477385259437
3.2235384497472297,32.04131573451031,12.020722912057625,3.3387818500296254
8.09874445854635,10.80190912547998,26.55828329586061,4.436632032256251
2.5464065476376385,30.97939774489148,1.755236336662891,1.2906838486976429
6.8150272222392925,32.51005461990767,29.33086107805647,5.289192536828922
7.6022785988968655,7.601242656432405,77.31418739186715,6.781195877516322
5.956387406078443,3.067481355533408,51.79605277125789,3.422107446566902
4.715761885501584,39.03807930342199,34.80955931682881,6.4006645554840595
4.118409141472686,22.99002118846601,37.17392949063303,3.922716196776048
3.4886826654299528,2.9081897752737893,0.1353625715468154,-2.033616979170824
9.29529144247826,49.74331585848836,29.98005275652359,8.975578934849146
8.306194077877292,2.889028049818332,64.64587416379305,8.692301472041427
9.650269106665126,34.75176144292766,97.41944438163571,10.313005446274452
1.2429722348554473,49.18394626317068,84.70608269838995,9.852821442702755
7.308674752036443,11.959005210796281,2.3594964645529126,4.1610558049482815
9.383404568210379,7.112468434359808,89.85606046748393,4.542069787358855
1.8123306616566015,6.069246971121444,78.3198413298626,8.290412212195806
0.664962673667775,15.163757378379778,78.03761235709804,5.955906483272039
7.4112064929005905,5.052290550532335,45.79957590035715,7.541162946829427
5.744731131799119,34.6080670847066,39.80052929545028,5.133713408555019
8.41828776758272,3.1145899065031344,30.29157288331926,7.14581903344847
1.397723766262895,25.471106407489486,6.569485895436578,4.705440676842923
7.952673118598902,49.83484269264884,22.82353634936991,8.821275882157877
2.0162732004774453,40.69851347530094,24.66036349780246,6.174173071222002
1.636559428657045,30.760971911550545,48.40770697102016,5.326737189288573
1.6426579793099294,15.312681039330583,74.7444406596694,7.998085049726259
8.14574720231382,31.194791814581922,47.38098283979466,7.398397503606784
6.651972206962001,26.35207319558258,5.784444944716061,0.3206846010121569
5.230654247691193,21.304169194518575,95.77898009882038,5.731123850517111
3.5883048412350247,6.535518837009974,94.27243190941122,5.71314294303307
8.772005408131083,44.330210762023334,78.51895431484084,10.733367839901703
3.924451074226354,22.489232441066125,99.13279015642206,7.877275988973195
8.16599439471577,9.731125591038253,54.448233280026294,7.766664681635621
4.391349085702184,18.38796754386448,96.27683502532061,3.6287045947156664
3.769444294249076,20.70648762644635,7.560504061675077,3.4897386975885247
4.626797856696064,41.37689477834371,36.568074826137135,3.255494339706131
3.0137787416414206,36.6807190280701,22.538126800676583,6.917158582137461
7.476093801762511,38.46524468206699,19.583308413427,6.131991220346546
5.027203900924792,0.5515632214323607,14.08029488926761,2.6038317908398114
2.322126951468173,20.807699908988077,62.241364156599666,3.9294976678428934
8.995745732745684,24.06720758176618,78.1321855747305,10.671409046777782
3.8389122137321143,0.9596138411528343,57.82983994203607,5.838685152081212
5.435528611139886,12.99066043725171,14.696270958820968,4.288073919917972
9.06472110964547,38.01449115610675,81.11237699334708,9.410977693480243
6.242379959139921,6.8554852864499525,63.59547071637285,6.273512626881886
1.1689804070836407,26.765506572629583,38.81657061269955,3.4373901333399663
9.398321236134752,10.760093600861875,67.4130295536063,8.037436403034878
6.277080530714178,0.6060387321946636,25.990497924283286,5.914506664224309
3.3490561465708613,12.060072879977074,34.51922084942105,5.743000679741305
1.3927207266338726,48.79368774550269,91.74858431319902,8.286137195922175
7.9402518927029595,40.07685559414948,29.05045056714204,7.771093100858847
6.200727559285135,47.97883221605167,46.99882681579366,5.801686986734583
5.334610919763215,24.392702196318123,89.01411373960147,9.10167871291588
8.938925830509577,5.4868099338751755,70.77213502675275,6.776279736552148
7.885972112245307,27.397974448684646,6.220322616470275,0.8883753190767121
1.5167487973275118,22.718866727998044,14.730304427897034,0.988183965835431
3.1172206779554825,42.2178541369808,0.7841590771916818,4.318159709661227
2.4848913981446574,4.904129039212229,63.09217902291634,3.5402806404143194
7.43946292572677,24.41205685108891,44.767342541041835,3.7485115264687265
0.3353243473577938,7.502433234699213,13.427485090227552,2.2666399061572253
5.698896848713165,16.233796344503,95.79341210567705,8.05577682735781
7.624586857406905,36.86785386938998,52.96597239456199,7.47146311419144
8.767656367617494,23.800906468438328,24.189329411288917,3.8315053906150514
3.4208174871590744,18.794414257288466,50.06035711547076,7.164037031767327
8.212573046720129,19.723813928501766,67.96203327351078,10.323811892046333
1.1063173695520723,22.97233842029933,7.623921797356448,1.932570438115096
8.464522917345182,39.25082719185284,27.4703815047892,5.767172543584139
1.2748866233198242,44.60423444701172,80.69654908839937,9.732643554609098
3.9728729056036727,47.76673432519642,45.966487040266124,7.153513606159711
7.972953657795536,39.34516931276475,54.65771420322949,7.983198971670589
1.4991742734877378,15.770344787400637,43.28160022094693,5.520255647934301
2.2925139523264146,34.40673530432711,4.389994264300512,0.29996385909843415
7.222525683930662,21.880156202769598,16.574977982015593,7.097874305869211
7.200365365460744,12.733531102302559,44.554163874189086,5.086495425690543
6.411476328852973,42.04357897129613,20.918546540792782,5.709594200815486
6.939484444671001,1.9213174481162498,4.997902865967873,1.6514554686013208
5.427244433475962,45.08809960677117,84.36496640518237,9.737365877672467
2.5179905890695276,23.073873231236707,98.11925291641158,4.254545479868305
3.4569599350391944,31.86007384041402,79.31428739967394,10.832990195939411
1.8159771680142567,32.96769611028913,85.3784921704667,8.011540917696337
9.084505613336283,44.75588703532682,24.197713031704538,8.388379738679916
5.833917947661204,31.833484108360366,96.06269755131997,11.056366419082362
4.008514167636399,30.69667923800309,19.692570445342838,2.8136743644741307
4.620058036441327,3.332602028034498,95.14298103618323,6.961364659971334
9.472833396118153,25.920401097260203,99.4819293965951,8.92542107698182
1.533514031160802,7.5084500408520825,71.17228057460487,6.3097033894806
5.862298320167972,36.87168843607428,98.1143731791822,5.510892325897142
5.05888678884466,25.611096040633726,56.95397795671037,6.222397259185286
6.1145423543464785,34.01138896041766,25.954178317609035,4.716114971223591
0.18110183820840509,2.0836450301192135,43.699588566562085,3.2940902002500176
8.721239089441514,4.239600802290161,59.35609353787859,6.076100949747652
9.321182824836123,35.81616940313411,7.308156202701499,4.396009525771659
5.65133183589209,3.6042167999336683,62.234326461724606,3.178056641905928
6.966508238768922,3.56283638826293,98.11778367622945,6.434143733276891
9.224993811772958,0.6054237617443725,19.010764978372762,1.0627949328172508
7.072386343133986,47.82506991497401,79.25951162883833,11.843927232470369
1.5253904291426135,36.875417972950345,90.78987937796194,7.793699451126764
5.762883601668132,17.66257042510321,94.37015928202209,1.823365288301769
6.067150463828559,14.82677906438276,96.01356044054472,6.747141907987613
4.24130671302386,17.485161487292476,52.14596387214719,3.126988043253435
7.3644423562472285,38.732676559059094,97.73079079915037,6.970144036190984
9.343670147690148,33.068530553520716,75.73102071344388,6.48728484411715
9.255685129067764,9.259778393373397,16.16714362369619,3.8042889900016417
4.508393714041321,8.705466766704218,47.690010646797,6.8140076083149985
1.1323804584075525,4.919782485669866,71.8331175372004,4.9364791648384765
9.848411989623346,33.015135985066905,24.734031581908333,5.294890799095298
8.388980864459342,38.218633111086795,64.06151835488873,9.61454379208639
1.2466268120326685,13.2523214162502,66.66004790466192,3.9893792788266667
9.208418826173723,1.0472480515456406,16.26997438085659,1.3707065511058487
8.698963620621283,4.108583373821367,56.50853124527563,2.6673522873042064
5.188380571260721,48.39300174225152,77.16269109786077,6.231453229866897
5.912754357449293,14.772238873871013,49.88956645359419,4.374405668437779
3.9900270387013026,38.46115739190668,1.2103116776107425,5.02074371065173
0.5476163882203133,31.23317844271319,0.9038469079292177,3.0847861272820634
3.3519724164590095,19.096981982644795,35.702934397001215,3.5333055455116256
8.028534485980114,10.284363109777756,92.6194068431782,5.373621428939146
0.04632023004602859,6.069320907970321,22.867677960360876,2.9760724181942186
3.334991716911442,30.75064840194333,63.43636888716871,4.279617788041887
3.9816869359094333,38.7316890318894,22.207587069332057,7.331941471524381
5.373956029379229,32.19521267705653,32.16699896595486,3.8982283840257925
9.198556164127606,26.515106662457917,84.8042089601484,7.226561872372663
3.4634599436596125,2.0975611715818134,72.88614422699469,1.613184936008484
3.469532018962277,48.42443887971919,9.539927731321063,5.010542384559155
7.3750124810974835,39.93570958272873,42.87020209864336,9.562708476380495
4.522179408898071,14.641101835048238,2.916976364526447,3.545651060398673
2.2460482293998196,48.99851646794253,48.0890146603009,9.710356249745333
4.524395161326934,30.094079481816106,66.24340117010681,8.27074213082021
1.4085702037979986,29.121132910362324,11.850262359815156,1.5790007927258518
1.763869865062233,37.4036589714766,28.888493890916568,4.875986116050821
4.983677727394797,40.58848940450688,39.783662550215695,5.484369355205508
4.189254495045479,32.823930366575134,91.95310246560497,11.37904886702494
9.148459010681,6.404787318310001,99.32550154229641,5.042868318229399
3.623938991166331,16.91337529972492,4.491129899561585,4.42807720196206
5.805883502780435,46.404182016302485,76.1007923495392,11.392542259880836
6.322642879195303,11.230780592192597,37.17240664023432,7.905467370502211
0.13094456588333636,18.608351191875666,39.245818622948,3.029941778252639
6.635373720167106,21.6038441472098,75.42649733470228,8.683428344649839
1.7803596686975143,21.970249484722608,91.84264321454087,11.708532716016492
9.610703174694551,30.646979124726276,95.09285945025483,8.506198166056887
1.4866272775311296,47.15379188723538,57.712258603832076,4.828237079356649
4.146241237270237,12.034635591625248,35.71211593005028,0.0582975353035593
0.8534966807864386,6.075068815045903,78.75490858587793,6.141375704678437
9.968742518459473,9.873524492996866,25.100138326230027,0.4698074531859149
5.021950103312426,44.34624501046348,56.40740288335178,7.514746560000575
5.953850173200438,32.2905406327603,35.85784615248732,7.087342779618405
0.6707647738842748,14.295339461958006,65.66310737078761,5.217193343171864
7.499604703991778,40.797346948430864,24.03989128935069,7.632539928477322
2.0990559309558576,43.0684998181718,19.159294573482576,6.129205608284189
8.980542894407137,42.3257169345139,91.8239086675437,13.17760733233679
2.0513964048200717,45.94632668197772,10.18036829495369,3.6092976024318775
1.9068772066366657,12.612051008668079,50.595790773493164,2.818379803951737
0.3654966784809488,37.75209643731392,22.085278296300892,3.4072540037009786
4.720669451099992,23.026974863707,3.892996332566745,5.101864816944256
5.648411332626164,42.099927644503076,3.601881829142639,7.320566299222801
0.6570863942835237,36.42453385808066,17.522177210582733,5.552430163830924
7.755276166950106,38.82237232498623,86.67703545060003,12.134131572198502
4.532888347480276,32.808091884053574,28.247874397702667,3.243698843033785
5.243902693275801,8.871438473485343,95.04591705752958,10.022668461982448
4.407627469382281,27.251345944846918,58.16222929891936,9.561248796731633
4.00763060875326,49.23348697622541,43.66141897687661,9.379189762708517
5.596403313082179,46.869403324855945,58.00888346694546,12.270262985991423
1.552402459307125,2.1586867898505835,51.669838522626776,-0.20340531837772513
1.8192813049527112,8.240740786471857,75.87762537573252,3.9329153358990503
8.617856210135173,6.586438672728096,28.249606597285226,2.3240885178002015
9.461154621336327,36.29899549926478,35.30503916003024,8.730341079709941
3.7330931627975295,40.889266492847256,89.40943025332507,7.2057353153061925
2.707446731435538,10.675568315533596,94.64565131504055,7.856319042267466
6.439995432390157,25.29263464759145,89.25582274864745,11.021125976662976
4.087341710980964,42.03515140056,41.94479939573136,8.50862925220676
0.2538635566034486,36.64007723831253,78.03655030068816,8.184109997509353
1.5615259736619036,27.111860274592413,47.63357333010988,3.4294232068956183
7.159722288473976,29.517384522938645,49.75398521461022,5.177680238468442
6.589239419101514,25.418027345813996,20.468010905728395,7.382288974281456
0.2709599250348349,14.877422565941028,59.113030325851646,6.056283765704317
2.219721619329494,28.251099642950805,18.613589775334795,4.12169473817263
2.310747965880714,34.44426510250453,33.15646990671938,4.7285805072307845
6.718927435987284,43.666145793040386,85.50302016199352,5.933935328378419
0.19710537754364155,31.814567698962403,20.707580921085523,2.114552054090367
1.0410858198457384,38.0560768521579,7.115828517343282,8.19245444933155
7.999160853731894,8.00358174772865,6.90075926128163,0.1843171665783916
1.7854466205433361,23.077873720989494,94.07845205031079,7.747758941165317
6.527461078518747,0.4665809913546648,50.69204379618346,5.901640451038786
2.381827810467265,12.333943226081152,40.941207181701834,1.2469749077820755
0.9944139275934516,36.32308575565024,81.08785810079185,8.255005215685474
2.4317219099945406,49.59049756746817,83.5825927910516,11.500354853319616
7.2226693185565916,4.9589049793607956,33.21910331156046,3.6263781710399217
8.556964681062858,20.074715793064414,69.36180574737952,12.923760914221525
8.302198645669916,40.00354843495798,77.11228158518865,6.179210134132824
3.9718352961845484,10.201781731444942,65.46506868659546,7.205255726478935
6.680851365706461,27.75424746511431,15.159507480009937,4.523966918860291
2.0498429541582097,36.65356480148374,87.5883083517057,9.99858079823865
2.9314773026101326,30.79927251300895,53.90945527360087,7.244309778901457
8.963358185211197,9.401236730770806,28.24724263700037,2.6788450477493457
0.13001923510736035,17.769228434286973,42.52281854376939,4.387060402557319
0.8550853085446808,39.18958922426986,3.757109039890738,0.5620285333338844
2.078862551460273,27.71132570660083,12.786680122241755,5.032734088207013
0.26532203873819715,0.26148067714563683,76.55467505158609,4.503263160022559
1.8143543508979731,38.04953800140469,0.0011634755366141114,5.445203181383099
5.830415609696922,1.7655677470119535,41.65658284822922,5.541705689226341
4.214245505924979,37.286689136561606,52.251018108558846,7.919308600688522
8.926717110769749,10.12402800826187,5.4634420000972295,3.367097162581551
8.17443561738441,47.90367400596901,97.30781629723329,9.528508665612863
3.4181735169787597,18.397037565104224,22.612533124967193,2.2295235888564324
2.594234334312925,16.346580816903955,30.419871963628086,6.047967787089048
3.7969240816726693,7.444402516622234,30.39425122550273,5.896208440683852
5.902949425148077,15.280210774510744,23.04166621173499,3.3844734004433312
2.6806364082287626,43.83253809141003,0.1473822086311416,5.0187556957248605
6.24148907849134,49.81671688136237,72.93447940879963,8.067464724286955
4.0941165219124045,18.415476525342417,96.68454997992853,9.840112146448039
5.520471808519803,22.430531547727128,22.429348328504506,5.799448580285456
4.361265291353167,36.10354691013685,66.30471918034225,11.68027858122893
2.9446575954191765,44.30978902325373,74.18963269587151,6.972745901843306
9.484533069621566,29.652216709339207,84.84253790905247,8.348239382274423
7.636057941597608,19.576284908891466,42.262919701360914,6.060877909327859
1.4011317576645255,20.631092042431188,30.293090564042924,5.150969159429712
8.684679758979128,34.78090732484034,32.52951340230311,6.41016707929975
4.874311982495136,0.16091318021393408,71.26213330985128,2.8081381991055836
8.945522268940914,30.979466872992035,81.6779466505636,10.73376353146271
7.998552559473152,17.77465052206787,18.161396775660265,5.727516127975594
4.252135044692334,39.70986656385421,37.09410081577652,4.843570504985264
0.22469308320117398,4.649531991156608,90.19401967491501,7.730478401712638
2.686773593849461,29.410113347419525,80.66935196947392,9.85223107037875
5.416342146608669,24.04864449430619,98.48584027624759,8.68101788706032
6.334782198261473,32.11627629526137,75.42482596820807,8.409021092340907
2.578876854332023,3.2426797241484175,39.319520102792225,3.914134890652672
1.3935607407282413,28.999189371406565,59.06378339946377,4.408414114746978
8.34930236799299,28.074229397976186,66.10142542473203,7.842417642960982
9.84402180703552,28.033004720808545,7.845581631712395,0.859616825855217
5.256901823026858,30.17438332982274,54.44969591038651,8.544214784112842
1.716792858483035,33.82339686131811,70.93208284726096,4.149315955307747
2.7230732651936895,40.249449984038485,16.732130400106037,8.413005828305886
0.18390676547466733,13.491036006410717,78.06317174255571,4.62880335293089
9.14298806560499,41.2524705090031,58.37727805141116,8.449374602729515
1.1775108289014113,24.91278411317268,95.22217856975946,6.232421693416513
5.765164755142536,3.8529139567165585,4.24222982068917,1.1743580898904689
2.74055220687206,2.92754646219896,26.5326137555467,5.004558465667716
5.541780025157934,16.71191593480304,60.15538792998241,0.8116996819408531
6.514203883518642,39.24484885557338,29.65599122059307,9.264055995467096
8.297418037072017,35.384046737045786,71.44241640712423,9.44605606367861
2.064212717606032,39.43074823362032,75.9005282521931,5.736900483778462
0.10995828658480478,25.86345282208047,10.251596406647446,0.9702919737589042
1.3688563006880727,22.00994989777453,51.38544642067677,8.396824625365312
9.00018641848105,7.372626335314197,50.889055559105586,3.190738935297447
8.738900775625153,16.40963768046558,36.92807702155411,2.9284467530573757
5.974131021703083,21.700968308693763,93.29248625696721,10.304176432787813
6.005168604336534,4.430021483980862,82.75063198732212,6.458673221203327
6.650366745462555,11.030597635560563,69.72093819096368,4.043328869123954
1.753712786234496,29.91126470318694,71.43266357349975,7.346752157049819
9.144119459249598,36.783155711959495,46.17161438131191,5.764214814830911
4.187705248920731,49.91737556964748,92.09945210965759,12.635894009076985
3.8313852824949746,46.65566656717788,69.45954272532853,11.027562779229479
5.189177052828375,32.12825997675958,72.89810616558164,8.959579114164601
0.46965966775055046,21.0624026647036,86.16909037873452,7.2319488414512305
1.662833687560794,31.808868235411637,27.4071589342191,8.406187757499026
7.380336164263705,39.282580904011596,80.7070903866703,9.439052497363868
0.8279866792512647,5.916809546169366,19.524060295649203,-0.6302669455919525
6.031521094663882,20.495244484814414,34.53419522448878,5.8814862543032715
2.4534910968132095,41.99011428178086,33.56104542698427,10.53985601796417
3.8929561404197655,19.1916475966522,97.85254683891405,5.560864343323171
2.8869373677069987,28.593613561359327,85.65372237479268,6.996509415028996
3.5567271646494913,29.38846804310991,70.11698615902597,7.988933621395094
7.1904590518424545,9.223812656681968,72.70567616153902,5.887947186102161
2.9712171562317504,18.11177208261442,56.20727944025711,3.2511774507660185
5.664046402968972,16.725564437096608,94.70906671085191,9.784534772306994
4.760504021990997,1.3098354266032397,49.62587528823615,8.20445955550485
6.636711653626481,1.2095881945677622,38.05177098698945,3.74315261757936
9.36829739324758,41.584852183788676,16.3035336931591,5.039184802214339
7.325720972102503,13.65354049864062,78.6205652261058,3.6636054554829025
2.149403785907568,25.90393831194077,73.44439320755914,7.20844621119591
0.3118313506128467,14.936278679438653,38.43550385241349,5.685524017319624
2.622640442998251,47.03396225576702,2.519341395922936,6.304226876963263
5.9507793070025485,12.964837943288687,83.89973277180107,6.676818612481725
0.5142581348425035,21.482840636946754,1.1417983454073632,1.1296823043549318
4.963662472012364,43.63651252423009,70.3699779629051,6.690555379534558
5.968428489168892,42.09667833959043,97.02571097260571,11.924141733072872
3.3424389081696084,9.305070892313866,43.766132814820345,5.614844754377497
7.7091220374582194,40.13216548978552,23.497340499595275,3.638448408068494
1.065982531337718,22.909344336894634,70.48710100433817,9.208163946535283
0.7513778173580876,24.14844360426776,81.71281420155852,7.798903075764323
7.281887562036033,6.673998620797189,54.64303160778473,7.655118245167749
4.954913162061985,4.0300756878562325,96.70352752561462,3.544911080508522
6.88402396427736,36.39696534868826,5.166872165796111,2.5431966251832256
4.348273386037462,24.823057617764988,50.479559830452814,5.577999810972039
2.464020332391068,21.84253513075898,71.845394732255,7.27489616995725
8.191023176741997,36.475411432619836,86.2640471149179,13.191669780210207
7.994158789689792,38.275644949555485,17.925561190779003,7.734832140062721
6.946964708544268,7.945408383467678,80.00034817636814,5.698588635249962
2.7214513722996267,30.511257473882065,55.27070757185453,4.306212985109074
5.902306668690871,6.767704113884276,39.65536819899632,6.300001300514719
3.6097389694002677,37.56875430145229,13.171502857909356,3.2079875154193203
0.9158207332663415,32.84775781335698,86.52957589089124,11.051355832078173
9.173135754622429,47.8307310541729,15.727320817971535,6.835296998027334
1.368186309189614,3.447900817821059,30.978785920909925,5.348530784901226
9.502373538208024,2.8527360575627156,29.004553196243688,4.993838553328617
4.460057729579558,14.109353734660008,87.14140341908544,6.386026111451268
